student_id,student_name,class_name
S0001,王丹,Class 04
S0002,刘旭,Class 01
S0003,宋超,Class 09
S0004,李敏,Class 08
S0005,郑婷婷,Class 08
S0006,徐萍,Class 05
S0007,廖晨,Class 04
S0008,杨建军,Class 18
S0009,卓雪,Class 03
S0010,李帆,Class 19
S0011,毛燕,Class 14
S0012,姚佳,Class 02
S0013,李英,Class 01
S0014,梁波,Class 03
S0015,田桂兰,Class 07
S0016,万帅,Class 08
S0017,陈云,Class 17
S0018,黄利,Class 20
S0019,魏斌,Class 01
S0020,何丽,Class 18
S0021,孙桂英,Class 07
S0022,叶华,Class 18
S0023,阎玉梅,Class 14
S0024,刘楠,Class 08
S0025,张瑜,Class 15
S0026,樊桂芳,Class 19
S0027,刘艳,Class 09
S0028,姜琳,Class 01
S0029,黄成,Class 06
S0030,李辉,Class 14
S0031,张晨,Class 11
S0032,唐海燕,Class 09
S0033,唐丹丹,Class 05
S0034,边磊,Class 07
S0035,叶玲,Class 11
S0036,李淑兰,Class 04
S0037,孙燕,Class 03
S0038,林宁,Class 13
S0039,贺璐,Class 04
S0040,张瑞,Class 12
S0041,唐小红,Class 12
S0042,李畅,Class 20
S0043,刘秀英,Class 09
S0044,李桂芝,Class 02
S0045,佘阳,Class 15
S0046,潘志强,Class 18
S0047,郭玉华,Class 04
S0048,凌杨,Class 13
S0049,赵柳,Class 03
S0050,庄欣,Class 18
S0051,刘鑫,Class 10
S0052,王娜,Class 20
S0053,王飞,Class 12
S0054,王超,Class 19
S0055,王静,Class 07
S0056,董楠,Class 03
S0057,沈淑华,Class 02
S0058,贾桂荣,Class 08
S0059,李雪梅,Class 10
S0060,周丹丹,Class 03
S0061,袁帅,Class 08
S0062,赵雪,Class 04
S0063,刘坤,Class 13
S0064,李博,Class 09
S0065,孙宇,Class 15
S0066,孟帅,Class 12
S0067,蔡洋,Class 06
S0068,纪静,Class 12
S0069,赵秀华,Class 12
S0070,洪飞,Class 07
S0071,吴冬梅,Class 09
S0072,纪淑英,Class 03
S0073,周桂芝,Class 20
S0074,张红霞,Class 06
S0075,谢飞,Class 18
S0076,王荣,Class 08
S0077,王凤兰,Class 06
S0078,龚波,Class 15
S0079,袁静,Class 13
S0080,李艳,Class 09
S0081,冯婷婷,Class 18
S0082,成文,Class 08
S0083,刘桂珍,Class 11
S0084,袁梅,Class 02
S0085,陈斌,Class 08
S0086,孙帅,Class 02
S0087,何璐,Class 11
S0088,李倩,Class 13
S0089,康洁,Class 09
S0090,张莉,Class 03
S0091,董梅,Class 07
S0092,冉亮,Class 19
S0093,李宁,Class 11
S0094,陈利,Class 07
S0095,张燕,Class 16
S0096,刘鹏,Class 13
S0097,曾丹,Class 15
S0098,王建华,Class 05
S0099,张玉,Class 09
S0100,郑龙,Class 05
S0101,管建国,Class 08
S0102,黎峰,Class 18
S0103,李秀珍,Class 18
S0104,倪刚,Class 09
S0105,张艳,Class 19
S0106,黄桂荣,Class 14
S0107,柯静,Class 19
S0108,甄东,Class 13
S0109,王颖,Class 12
S0110,邹艳,Class 08
S0111,张宁,Class 05
S0112,汤桂香,Class 17
S0113,张桂芳,Class 16
S0114,陈娜,Class 03
S0115,王想,Class 02
S0116,杨波,Class 04
S0117,黄凤兰,Class 05
S0118,余玉英,Class 06
S0119,李秀兰,Class 14
S0120,谢燕,Class 20
S0121,李淑兰,Class 03
S0122,姚玉梅,Class 13
S0123,许凤兰,Class 13
S0124,吴坤,Class 20
S0125,王淑兰,Class 15
S0126,郭岩,Class 17
S0127,周玉英,Class 09
S0128,田佳,Class 18
S0129,林桂荣,Class 01
S0130,赵英,Class 04
S0131,张春梅,Class 18
S0132,冯莉,Class 09
S0133,高伟,Class 11
S0134,陈雪梅,Class 04
S0135,孙玉,Class 10
S0136,林兵,Class 14
S0137,陈颖,Class 06
S0138,江静,Class 15
S0139,刘岩,Class 01
S0140,王丽,Class 09
S0141,邓斌,Class 17
S0142,赵想,Class 06
S0143,胡丽,Class 17
S0144,潘强,Class 04
S0145,石建平,Class 10
S0146,邹丽华,Class 17
S0147,罗佳,Class 20
S0148,李丽华,Class 07
S0149,房玉,Class 05
S0150,雷秀芳,Class 12
S0151,钟淑华,Class 06
S0152,刘艳,Class 18
S0153,汪桂芝,Class 17
S0154,陈宇,Class 01
S0155,刘颖,Class 20
S0156,乔浩,Class 11
S0157,张海燕,Class 16
S0158,程鑫,Class 01
S0159,赵丹丹,Class 04
S0160,王婷婷,Class 12
S0161,岳军,Class 10
S0162,马琴,Class 08
S0163,谭婷婷,Class 02
S0164,朱桂英,Class 08
S0165,朱冬梅,Class 19
S0166,董秀云,Class 03
S0167,陶阳,Class 03
S0168,殷杰,Class 16
S0169,彭亮,Class 03
S0170,张秀兰,Class 18
S0171,杨淑英,Class 05
S0172,杨春梅,Class 05
S0173,崔婷婷,Class 16
S0174,黎桂香,Class 18
S0175,崔鹏,Class 06
S0176,刘波,Class 09
S0177,谭艳,Class 17
S0178,龙建军,Class 20
S0179,李林,Class 14
S0180,孙霞,Class 07
S0181,张林,Class 18
S0182,费宁,Class 07
S0183,凌淑珍,Class 10
S0184,路岩,Class 13
S0185,宋丽,Class 12
S0186,苏莉,Class 15
S0187,方刚,Class 17
S0188,何洁,Class 15
S0189,林慧,Class 04
S0190,郝小红,Class 08
S0191,周畅,Class 08
S0192,程淑兰,Class 03
S0193,卢桂英,Class 11
S0194,孙玲,Class 01
S0195,龚健,Class 19
S0196,文丽,Class 18
S0197,梁春梅,Class 08
S0198,王晶,Class 19
S0199,朱琴,Class 08
S0200,杨丹,Class 01
S0201,郭坤,Class 03
S0202,刘桂荣,Class 02
S0203,罗秀英,Class 08
S0204,萧小红,Class 03
S0205,邱俊,Class 02
S0206,刘丽,Class 11
S0207,田洁,Class 03
S0208,罗红梅,Class 17
S0209,印玉英,Class 08
S0210,魏桂英,Class 09
S0211,刘欢,Class 16
S0212,陈彬,Class 07
S0213,张秀华,Class 18
S0214,任红,Class 05
S0215,雷英,Class 19
S0216,黄莉,Class 19
S0217,程阳,Class 16
S0218,王鹏,Class 08
S0219,苏阳,Class 16
S0220,李洋,Class 14
S0221,马丽丽,Class 07
S0222,张鹏,Class 04
S0223,蓝荣,Class 04
S0224,阎莹,Class 14
S0225,王鹏,Class 12
S0226,张莉,Class 14
S0227,都欢,Class 14
S0228,许芳,Class 15
S0229,徐玉,Class 02
S0230,赖琳,Class 04
S0231,郑飞,Class 02
S0232,华利,Class 13
S0233,刘浩,Class 11
S0234,刘宇,Class 04
S0235,王欣,Class 08
S0236,陈敏,Class 07
S0237,程淑英,Class 07
S0238,蒋燕,Class 18
S0239,周芳,Class 15
S0240,詹建,Class 05
S0241,王秀珍,Class 14
S0242,徐丹丹,Class 06
S0243,苏桂英,Class 09
S0244,徐刚,Class 15
S0245,卢娟,Class 08
S0246,李军,Class 03
S0247,梁雷,Class 15
S0248,郭玉,Class 18
S0249,张淑兰,Class 04
S0250,佟桂香,Class 02
S0251,赵凤英,Class 18
S0252,钱玉英,Class 01
S0253,杜玉兰,Class 03
S0254,秦明,Class 08
S0255,李娟,Class 06
S0256,李秀云,Class 14
S0257,潘丽华,Class 16
S0258,王畅,Class 16
S0259,韩鹏,Class 07
S0260,刘建华,Class 13
S0261,徐桂芝,Class 02
S0262,王秀英,Class 06
S0263,陈洋,Class 13
S0264,李林,Class 01
S0265,鲍建军,Class 13
S0266,裴桂兰,Class 09
S0267,赵秀华,Class 15
S0268,刘峰,Class 10
S0269,张凤兰,Class 14
S0270,洪丹,Class 18
S0271,杨璐,Class 16
S0272,阎红,Class 05
S0273,龙小红,Class 07
S0274,徐秀华,Class 10
S0275,杨淑珍,Class 07
S0276,霍坤,Class 02
S0277,梁敏,Class 19
S0278,王淑华,Class 18
S0279,吴建国,Class 02
S0280,费阳,Class 11
S0281,孔丽丽,Class 02
S0282,郭淑英,Class 02
S0283,沈桂荣,Class 19
S0284,李燕,Class 16
S0285,韩桂珍,Class 17
S0286,龚春梅,Class 17
S0287,曹桂芝,Class 06
S0288,冯静,Class 02
S0289,银俊,Class 17
S0290,池帅,Class 03
S0291,张梅,Class 06
S0292,王华,Class 03
S0293,黄雪梅,Class 20
S0294,刘秀梅,Class 03
S0295,张浩,Class 08
S0296,韩秀英,Class 13
S0297,关建,Class 04
S0298,孙霞,Class 19
S0299,刘磊,Class 08
S0300,聂晨,Class 19
S0301,徐红梅,Class 20
S0302,彭玉华,Class 02
S0303,孙莉,Class 20
S0304,昝秀华,Class 03
S0305,刘兰英,Class 14
S0306,晋英,Class 19
S0307,佘桂珍,Class 19
S0308,王辉,Class 17
S0309,黎玉兰,Class 11
S0310,邓琴,Class 09
S0311,曾娟,Class 07
S0312,曹刚,Class 11
S0313,韦超,Class 08
S0314,卢俊,Class 09
S0315,杨丽娟,Class 13
S0316,张云,Class 05
S0317,雷霞,Class 10
S0318,柏英,Class 15
S0319,邹丹丹,Class 11
S0320,李芳,Class 03
S0321,柏云,Class 01
S0322,夏洋,Class 15
S0323,何淑英,Class 20
S0324,袁燕,Class 19
S0325,阎柳,Class 04
S0326,袁桂香,Class 03
S0327,韩晶,Class 18
S0328,萧丽华,Class 07
S0329,萧林,Class 17
S0330,王明,Class 09
S0331,邰林,Class 05
S0332,刘亮,Class 12
S0333,孙婷婷,Class 03
S0334,樊帅,Class 08
S0335,冯萍,Class 12
S0336,蒋红霞,Class 10
S0337,徐静,Class 06
S0338,李洁,Class 15
S0339,王丹,Class 18
S0340,瞿淑英,Class 10
S0341,田军,Class 20
S0342,韦丽,Class 17
S0343,韦文,Class 01
S0344,段利,Class 18
S0345,秦敏,Class 10
S0346,金伟,Class 04
S0347,严峰,Class 05
S0348,高雷,Class 09
S0349,田杰,Class 04
S0350,王静,Class 04
S0351,王燕,Class 18
S0352,李婷婷,Class 05
S0353,姜淑华,Class 09
S0354,石宁,Class 10
S0355,胡平,Class 20
S0356,孙涛,Class 07
S0357,但莹,Class 11
S0358,叶小红,Class 07
S0359,王浩,Class 09
S0360,邓鑫,Class 17
S0361,陈晶,Class 16
S0362,鹿英,Class 09
S0363,林雪梅,Class 02
S0364,邱林,Class 03
S0365,周娜,Class 14
S0366,杨淑英,Class 09
S0367,赵帆,Class 02
S0368,周霞,Class 01
S0369,艾淑华,Class 11
S0370,李凯,Class 05
S0371,周柳,Class 09
S0372,罗玉英,Class 06
S0373,赵玉华,Class 15
S0374,桂婷,Class 18
S0375,李璐,Class 14
S0376,张秀华,Class 18
S0377,毛倩,Class 01
S0378,李萍,Class 04
S0379,熊杰,Class 03
S0380,王桂英,Class 05
S0381,宁倩,Class 18
S0382,张建,Class 02
S0383,王涛,Class 12
S0384,姜红霞,Class 19
S0385,周慧,Class 18
S0386,黄晶,Class 05
S0387,牛建军,Class 14
S0388,谭辉,Class 05
S0389,陈玉华,Class 02
S0390,邓丽娟,Class 10
S0391,张林,Class 12
S0392,周红,Class 02
S0393,郭秀珍,Class 12
S0394,刘华,Class 07
S0395,张楠,Class 08
S0396,汪桂兰,Class 04
S0397,李瑜,Class 12
S0398,张春梅,Class 18
S0399,胡琴,Class 14
S0400,赵刚,Class 20
S0401,王宇,Class 05
S0402,梁秀云,Class 08
S0403,陈秀云,Class 06
S0404,席兵,Class 06
S0405,雷畅,Class 14
S0406,徐宁,Class 01
S0407,周莹,Class 06
S0408,吴婷,Class 11
S0409,刘兵,Class 14
S0410,林林,Class 08
S0411,翟倩,Class 09
S0412,任峰,Class 06
S0413,李霞,Class 04
S0414,张建军,Class 13
S0415,张金凤,Class 02
S0416,谭秀芳,Class 16
S0417,洪玉梅,Class 08
S0418,徐桂香,Class 07
S0419,曹丹,Class 15
S0420,黄斌,Class 12
S0421,孙明,Class 10
S0422,黄玉兰,Class 08
S0423,萧俊,Class 08
S0424,孙刚,Class 01
S0425,申坤,Class 07
S0426,许桂花,Class 13
S0427,古欣,Class 11
S0428,秦慧,Class 09
S0429,胡雷,Class 03
S0430,刘丽丽,Class 09
S0431,郭晨,Class 12
S0432,黄红,Class 17
S0433,赵雪,Class 13
S0434,夏颖,Class 18
S0435,杨海燕,Class 11
S0436,刘建国,Class 01
S0437,李建,Class 04
S0438,陈秀荣,Class 09
S0439,唐凯,Class 06
S0440,罗玉英,Class 19
S0441,董俊,Class 09
S0442,林勇,Class 02
S0443,陈楠,Class 04
S0444,华桂芝,Class 20
S0445,刘成,Class 14
S0446,李帅,Class 12
S0447,田建华,Class 11
S0448,张博,Class 14
S0449,沈平,Class 20
S0450,黄静,Class 17
S0451,邓秀芳,Class 04
S0452,何婷,Class 13
S0453,鲁想,Class 19
S0454,余丽丽,Class 07
S0455,陆春梅,Class 09
S0456,席杨,Class 02
S0457,向鹏,Class 14
S0458,向旭,Class 01
S0459,陈瑞,Class 17
S0460,徐峰,Class 18
S0461,李建平,Class 07
S0462,樊杰,Class 12
S0463,王桂花,Class 14
S0464,刘浩,Class 03
S0465,刘玉珍,Class 11
S0466,龙颖,Class 20
S0467,李玉兰,Class 11
S0468,杜成,Class 04
S0469,徐强,Class 10
S0470,王红霞,Class 17
S0471,高玉华,Class 10
S0472,石静,Class 14
S0473,李秀英,Class 11
S0474,彭桂芳,Class 13
S0475,李瑜,Class 10
S0476,曹秀英,Class 18
S0477,陈伟,Class 05
S0478,刘丽娟,Class 07
S0479,田凯,Class 14
S0480,王璐,Class 13
S0481,吴桂香,Class 06
S0482,曾柳,Class 20
S0483,姜兰英,Class 19
S0484,杨旭,Class 10
S0485,李琴,Class 13
S0486,秦雷,Class 18
S0487,鞠荣,Class 01
S0488,秦鑫,Class 10
S0489,王杨,Class 10
S0490,夏刚,Class 07
S0491,霍桂珍,Class 14
S0492,刘坤,Class 19
S0493,黄辉,Class 20
S0494,陈洁,Class 11
S0495,安丽丽,Class 15
S0496,杨彬,Class 15
S0497,杜洁,Class 15
S0498,侯玉华,Class 07
S0499,周博,Class 17
S0500,杨浩,Class 16
S0501,田秀珍,Class 06
S0502,许琳,Class 03
S0503,蒋倩,Class 10
S0504,王琴,Class 17
S0505,陈华,Class 20
S0506,董秀云,Class 11
S0507,林晨,Class 03
S0508,李丽丽,Class 08
S0509,李静,Class 10
S0510,黄超,Class 08
S0511,余洁,Class 07
S0512,徐宇,Class 05
S0513,何桂珍,Class 01
S0514,萧艳,Class 02
S0515,王彬,Class 08
S0516,郭欢,Class 16
S0517,金秀芳,Class 20
S0518,宿玉兰,Class 03
S0519,张亮,Class 15
S0520,孙玉,Class 14
S0521,孟玉珍,Class 19
S0522,程桂兰,Class 07
S0523,龚雷,Class 13
S0524,林佳,Class 16
S0525,夏静,Class 13
S0526,王洁,Class 08
S0527,邹建华,Class 05
S0528,王桂珍,Class 01
S0529,郭桂荣,Class 04
S0530,李玉珍,Class 14
S0531,徐红梅,Class 08
S0532,康博,Class 06
S0533,周华,Class 17
S0534,郭莉,Class 15
S0535,张芳,Class 02
S0536,华红,Class 18
S0537,刘丹,Class 08
S0538,韩俊,Class 04
S0539,宋建军,Class 15
S0540,潘雪,Class 05
S0541,尹涛,Class 15
S0542,王燕,Class 17
S0543,汪丽娟,Class 18
S0544,胡桂兰,Class 20
S0545,朱秀云,Class 11
S0546,孙飞,Class 15
S0547,徐秀华,Class 20
S0548,张建,Class 17
S0549,赖玉珍,Class 14
S0550,寇建华,Class 18
S0551,林宁,Class 15
S0552,刘佳,Class 06
S0553,徐建,Class 16
S0554,王海燕,Class 15
S0555,刘晨,Class 09
S0556,涂玉梅,Class 08
S0557,范瑜,Class 09
S0558,胡秀珍,Class 17
S0559,王秀荣,Class 16
S0560,卫红霞,Class 08
S0561,王红,Class 09
S0562,唐桂香,Class 15
S0563,何宁,Class 03
S0564,李燕,Class 10
S0565,范云,Class 08
S0566,赵想,Class 09
S0567,罗斌,Class 11
S0568,胡萍,Class 11
S0569,李帆,Class 18
S0570,黄雪,Class 03
S0571,谭岩,Class 05
S0572,胡平,Class 05
S0573,李颖,Class 08
S0574,郭建国,Class 13
S0575,杨玉珍,Class 05
S0576,吴梅,Class 07
S0577,林凤兰,Class 03
S0578,程梅,Class 14
S0579,白洁,Class 14
S0580,袁丽娟,Class 11
S0581,方杰,Class 18
S0582,刘娜,Class 15
S0583,谢兵,Class 14
S0584,张丽,Class 02
S0585,梁龙,Class 07
S0586,王玉梅,Class 14
S0587,张文,Class 13
S0588,胡桂香,Class 19
S0589,程利,Class 01
S0590,茅荣,Class 19
S0591,陈雷,Class 13
S0592,耿慧,Class 16
S0593,袁燕,Class 01
S0594,张艳,Class 12
S0595,罗芳,Class 10
S0596,陆利,Class 13
S0597,杨倩,Class 14
S0598,陈春梅,Class 18
S0599,江峰,Class 18
S0600,王浩,Class 20
S0601,舒霞,Class 08
S0602,张桂英,Class 16
S0603,李秀英,Class 08
S0604,王芳,Class 09
S0605,王秀梅,Class 14
S0606,丁帅,Class 16
S0607,王晨,Class 01
S0608,蔡淑华,Class 13
S0609,蔡玉兰,Class 11
S0610,陈飞,Class 13
S0611,蔡敏,Class 06
S0612,关雷,Class 15
S0613,文东,Class 05
S0614,慕桂珍,Class 20
S0615,张桂兰,Class 18
S0616,王宁,Class 01
S0617,陈金凤,Class 13
S0618,龚丹丹,Class 19
S0619,张龙,Class 19
S0620,张桂芳,Class 01
S0621,丁洋,Class 03
S0622,夏想,Class 14
S0623,邓秀云,Class 05
S0624,林健,Class 15
S0625,董彬,Class 06
S0626,马艳,Class 02
S0627,刘静,Class 09
S0628,谭玉英,Class 13
S0629,谢磊,Class 11
S0630,蔡静,Class 07
S0631,董丹丹,Class 15
S0632,张桂花,Class 11
S0633,蒋英,Class 11
S0634,冯建平,Class 13
S0635,马淑英,Class 09
S0636,赵桂香,Class 14
S0637,范浩,Class 09
S0638,何畅,Class 03
S0639,左龙,Class 16
S0640,段璐,Class 01
S0641,梁建国,Class 18
S0642,杨玉,Class 02
S0643,余小红,Class 12
S0644,倪秀芳,Class 08
S0645,孙丽娟,Class 03
S0646,郑丽华,Class 02
S0647,沈桂珍,Class 01
S0648,白红霞,Class 08
S0649,王红梅,Class 07
S0650,高飞,Class 01
S0651,劳桂香,Class 20
S0652,陈博,Class 05
S0653,汪婷婷,Class 08
S0654,初春梅,Class 05
S0655,孔淑珍,Class 16
S0656,李亮,Class 04
S0657,李秀荣,Class 19
S0658,任芳,Class 07
S0659,谭梅,Class 15
S0660,袁玉华,Class 09
S0661,薛艳,Class 12
S0662,杨丹,Class 06
S0663,曲龙,Class 20
S0664,孟婷婷,Class 20
S0665,刘波,Class 04
S0666,唐秀芳,Class 06
S0667,刘平,Class 10
S0668,徐红霞,Class 04
S0669,李桂兰,Class 19
S0670,白玉珍,Class 01
S0671,刘建,Class 10
S0672,赵丹,Class 19
S0673,罗雷,Class 13
S0674,罗辉,Class 13
S0675,路春梅,Class 07
S0676,杜桂荣,Class 03
S0677,陈彬,Class 19
S0678,刘芳,Class 08
S0679,钱建,Class 04
S0680,焦秀梅,Class 10
S0681,罗亮,Class 20
S0682,刘文,Class 04
S0683,萧欣,Class 19
S0684,李坤,Class 02
S0685,刘刚,Class 12
S0686,张红霞,Class 18
S0687,张颖,Class 14
S0688,卓洋,Class 12
S0689,盛欢,Class 03
S0690,焦文,Class 17
S0691,焦凤英,Class 11
S0692,吴兰英,Class 01
S0693,刘瑜,Class 14
S0694,李桂香,Class 16
S0695,焦洁,Class 04
S0696,赵建平,Class 14
S0697,王丽娟,Class 12
S0698,张玉英,Class 15
S0699,吴丽,Class 05
S0700,罗雪,Class 14
S0701,范小红,Class 06
S0702,孙琴,Class 17
S0703,李小红,Class 09
S0704,左飞,Class 20
S0705,龙宇,Class 18
S0706,汪秀梅,Class 16
S0707,贺敏,Class 15
S0708,程磊,Class 14
S0709,林柳,Class 19
S0710,冯秀华,Class 09
S0711,王秀梅,Class 11
S0712,王丹,Class 08
S0713,王雪梅,Class 03
S0714,李帆,Class 09
S0715,刘娟,Class 15
S0716,刘桂珍,Class 08
S0717,黄秀云,Class 15
S0718,郑芳,Class 19
S0719,叶浩,Class 20
S0720,李春梅,Class 13
S0721,罗华,Class 11
S0722,魏凯,Class 01
S0723,顾玉英,Class 16
S0724,伍刚,Class 11
S0725,张淑华,Class 06
S0726,王宇,Class 16
S0727,倪超,Class 07
S0728,童玉梅,Class 12
S0729,褚建,Class 09
S0730,凌梅,Class 11
S0731,郑冬梅,Class 09
S0732,吴成,Class 20
S0733,胡红梅,Class 09
S0734,李敏,Class 18
S0735,杨桂珍,Class 01
S0736,王桂英,Class 17
S0737,朱兰英,Class 07
S0738,周春梅,Class 03
S0739,金英,Class 08
S0740,吕凯,Class 14
S0741,张建军,Class 16
S0742,陈宁,Class 18
S0743,王秀珍,Class 08
S0744,黄桂英,Class 16
S0745,李彬,Class 16
S0746,徐桂荣,Class 15
S0747,王琴,Class 01
S0748,唐晶,Class 03
S0749,王秀梅,Class 10
S0750,戴丽,Class 08
S0751,叶兵,Class 13
S0752,刘玲,Class 08
S0753,李志强,Class 10
S0754,陈梅,Class 19
S0755,贾畅,Class 12
S0756,欧阳金凤,Class 16
S0757,孙亮,Class 18
S0758,王桂珍,Class 17
S0759,陶春梅,Class 12
S0760,徐雪梅,Class 14
S0761,陈杨,Class 18
S0762,陈桂珍,Class 11
S0763,陈小红,Class 12
S0764,杨萍,Class 15
S0765,黄杨,Class 09
S0766,叶杰,Class 10
S0767,辛利,Class 09
S0768,方波,Class 08
S0769,袁成,Class 04
S0770,刘建军,Class 07
S0771,夏斌,Class 11
S0772,廉荣,Class 04
S0773,何婷婷,Class 18
S0774,夏畅,Class 06
S0775,李艳,Class 07
S0776,张平,Class 07
S0777,卫玉英,Class 16
S0778,李帅,Class 09
S0779,刘建平,Class 19
S0780,黄丽华,Class 17
S0781,杨杰,Class 20
S0782,李丽娟,Class 10
S0783,李建,Class 04
S0784,陈淑英,Class 07
S0785,郭倩,Class 10
S0786,李欣,Class 08
S0787,王平,Class 12
S0788,王慧,Class 06
S0789,余志强,Class 10
S0790,林晨,Class 01
S0791,郑丽华,Class 18
S0792,方彬,Class 05
S0793,彭雪梅,Class 09
S0794,王岩,Class 02
S0795,宋冬梅,Class 02
S0796,魏文,Class 18
S0797,崔鑫,Class 10
S0798,侯彬,Class 05
S0799,杨桂芳,Class 16
S0800,刘小红,Class 04
S0801,唐秀荣,Class 01
S0802,杨桂芳,Class 19
S0803,秦梅,Class 10
S0804,袁玉梅,Class 16
S0805,刘林,Class 16
S0806,黄建,Class 15
S0807,周成,Class 11
S0808,周桂芝,Class 06
S0809,罗小红,Class 02
S0810,李玉梅,Class 09
S0811,冯兰英,Class 16
S0812,朱想,Class 04
S0813,党璐,Class 03
S0814,赵小红,Class 13
S0815,程玉,Class 16
S0816,张涛,Class 03
S0817,陈丹,Class 19
S0818,何兵,Class 02
S0819,郑金凤,Class 05
S0820,梁玲,Class 05
S0821,高刚,Class 19
S0822,高玉华,Class 10
S0823,卢艳,Class 03
S0824,常超,Class 08
S0825,刘健,Class 04
S0826,洪欢,Class 18
S0827,张倩,Class 14
S0828,张成,Class 20
S0829,秦飞,Class 20
S0830,何兵,Class 20
S0831,苑桂兰,Class 08
S0832,梁帆,Class 17
S0833,戚秀梅,Class 13
S0834,宣阳,Class 15
S0835,刘凤英,Class 15
S0836,范秀荣,Class 10
S0837,李玲,Class 19
S0838,黄宇,Class 14
S0839,赵萍,Class 10
S0840,孙桂芝,Class 19
S0841,谢俊,Class 20
S0842,曾兰英,Class 02
S0843,方桂珍,Class 20
S0844,瞿楠,Class 04
S0845,刘红,Class 07
S0846,高建华,Class 07
S0847,韦辉,Class 09
S0848,李桂芳,Class 03
S0849,李晨,Class 06
S0850,孙琳,Class 08
S0851,亓建华,Class 06
S0852,张丹,Class 18
S0853,蔡娟,Class 03
S0854,黄志强,Class 06
S0855,赵秀珍,Class 01
S0856,周俊,Class 14
S0857,王荣,Class 15
S0858,李芳,Class 20
S0859,王慧,Class 16
S0860,厉玉华,Class 10
S0861,马娜,Class 02
S0862,李旭,Class 08
S0863,陈梅,Class 10
S0864,吴亮,Class 10
S0865,王磊,Class 15
S0866,徐楠,Class 03
S0867,祝玉,Class 08
S0868,李帅,Class 09
S0869,崔海燕,Class 19
S0870,岑玉梅,Class 07
S0871,刘凯,Class 14
S0872,罗红,Class 04
S0873,毛莉,Class 18
S0874,郭凤兰,Class 08
S0875,姜英,Class 05
S0876,贾秀英,Class 09
S0877,吴秀英,Class 05
S0878,彭斌,Class 03
S0879,粟玉珍,Class 02
S0880,吴婷婷,Class 06
S0881,高雷,Class 10
S0882,阳斌,Class 20
S0883,宋洋,Class 19
S0884,张飞,Class 10
S0885,林桂花,Class 15
S0886,周莹,Class 04
S0887,彭建军,Class 15
S0888,李浩,Class 10
S0889,沙建军,Class 13
S0890,吴鑫,Class 09
S0891,苏秀英,Class 17
S0892,刘淑兰,Class 18
S0893,孙华,Class 16
S0894,董雷,Class 15
S0895,王成,Class 03
S0896,张红梅,Class 20
S0897,张阳,Class 02
S0898,卢欢,Class 14
S0899,杨琳,Class 11
S0900,郭燕,Class 20
S0901,胡凤兰,Class 09
S0902,王志强,Class 01
S0903,张旭,Class 03
S0904,刘凤兰,Class 08
S0905,王洋,Class 19
S0906,王云,Class 19
S0907,祝东,Class 01
S0908,罗婷婷,Class 09
S0909,杨丽娟,Class 19
S0910,陈宇,Class 02
S0911,李鹏,Class 06
S0912,刘平,Class 16
S0913,王丹丹,Class 17
S0914,金婷,Class 15
S0915,李淑英,Class 09
S0916,黄桂兰,Class 06
S0917,傅丽,Class 19
S0918,黄金凤,Class 14
S0919,卢丽,Class 16
S0920,王桂荣,Class 03
S0921,刘红梅,Class 16
S0922,滕伟,Class 12
S0923,郝秀珍,Class 14
S0924,张静,Class 11
S0925,朱飞,Class 11
S0926,吕俊,Class 04
S0927,宁秀梅,Class 06
S0928,孙凯,Class 11
S0929,林秀荣,Class 14
S0930,宋飞,Class 16
S0931,田建华,Class 10
S0932,陈玉梅,Class 13
S0933,苏晶,Class 18
S0934,孙敏,Class 02
S0935,靳亮,Class 15
S0936,张志强,Class 03
S0937,马桂荣,Class 11
S0938,何利,Class 09
S0939,陈燕,Class 11
S0940,李莉,Class 04
S0941,张晶,Class 13
S0942,李艳,Class 17
S0943,吴辉,Class 01
S0944,刘雷,Class 18
S0945,饶欣,Class 15
S0946,李旭,Class 14
S0947,李飞,Class 02
S0948,李莹,Class 07
S0949,叶凯,Class 17
S0950,柳宇,Class 12
S0951,慕岩,Class 20
S0952,孟俊,Class 16
S0953,李丽华,Class 15
S0954,张雪梅,Class 02
S0955,胡春梅,Class 07
S0956,张楠,Class 09
S0957,陈秀芳,Class 18
S0958,王丽,Class 05
S0959,胡荣,Class 10
S0960,李海燕,Class 15
S0961,周艳,Class 16
S0962,花兰英,Class 04
S0963,高桂芝,Class 01
S0964,关桂花,Class 20
S0965,吴博,Class 08
S0966,杨建平,Class 06
S0967,庞萍,Class 10
S0968,孟桂香,Class 18
S0969,汪敏,Class 01
S0970,李秀英,Class 18
S0971,何华,Class 14
S0972,梁冬梅,Class 03
S0973,苗雷,Class 08
S0974,刘玉珍,Class 04
S0975,兰涛,Class 15
S0976,华建,Class 04
S0977,史金凤,Class 05
S0978,张明,Class 16
S0979,王建平,Class 10
S0980,郭伟,Class 17
S0981,柳杨,Class 09
S0982,杨东,Class 14
S0983,王峰,Class 16
S0984,金云,Class 16
S0985,黄桂珍,Class 08
S0986,杨凤英,Class 15
S0987,郎淑兰,Class 18
S0988,萧雷,Class 05
S0989,刘雷,Class 13
S0990,陈英,Class 07
S0991,张伟,Class 20
S0992,龚超,Class 17
S0993,许建平,Class 05
S0994,盛建,Class 03
S0995,姜静,Class 09
S0996,鞠志强,Class 14
S0997,阎颖,Class 11
S0998,王利,Class 17
S0999,杜倩,Class 09
S1000,韦伟,Class 01
