teacher_id,teacher_name
T001,吴婷婷
T002,樊金凤
T003,黄淑珍
T004,段芳
T005,徐超
T006,王秀兰
T007,王兵
T008,张宇
T009,杨秀华
T010,周志强
T011,张帅
T012,张坤
T013,苏燕
T014,陈帆
T015,吴小红
T016,王伟
T017,李荣
T018,李文
T019,彭浩
T020,贺秀珍
T021,马燕
T022,彭冬梅
T023,黄春梅
T024,张平
T025,徐燕
T026,史飞
T027,崔帆
T028,董秀梅
T029,罗冬梅
T030,冷淑华
T031,马浩
T032,章超
T033,李秀芳
T034,祁志强
T035,孟阳
T036,周淑兰
T037,危峰
T038,杨波
T039,吴桂珍
T040,钱桂芳
T041,韦婷婷
T042,赵峰
T043,阮帅
T044,武红梅
T045,刘桂芝
T046,王丹
T047,李莹
T048,吴玉英
T049,王淑华
T050,颜军
T051,江莉
T052,陈小红
T053,和娜
T054,陈玉
T055,陈丽娟
T056,张楠
T057,钟柳
T058,林晨
T059,陈璐
T060,李涛
T061,张杨
T062,刘淑英
T063,柳岩
T064,黄丽华
T065,曾佳
T066,刘小红
T067,张淑华
T068,杨秀兰
T069,陈海燕
T070,张楠
T071,萧文
T072,蔡军
T073,马建华
T074,许磊
T075,刘秀珍
T076,周淑珍
T077,孙红霞
T078,陈桂珍
T079,王柳
T080,陈宁
T081,王丹
T082,赖秀兰
T083,张秀英
T084,熊秀云
T085,余杰
T086,亢秀兰
T087,赵明
T088,杨建平
T089,殷兰英
T090,顾博
T091,李阳
T092,任博
T093,蔡建平
T094,刘秀珍
T095,韦玉英
T096,刘英
T097,龚桂香
T098,武斌
T099,安桂花
T100,武春梅
